iter	Logloss
0	0.6929645691
1	0.6927966156
2	0.6926190186
3	0.692456543
4	0.6922805176
5	0.6920888214
6	0.6919085693
7	0.6917518158
8	0.6915972443
9	0.6914335022
10	0.6912706909
11	0.6911107178
12	0.690940094
13	0.6907614746
14	0.6905950317
15	0.6904314728
16	0.6902893982
17	0.6901759796
18	0.690018631
19	0.6898672638
